model,task,learning_index,convergence_trial,asymptotic_performance,sample_efficiency,wall_time_min
cadex,T2_PatternCompletion,0.6940,9,0.6000,0.8800,1.5
cadex,T3_SequencePrediction,0.9730,9,1.0000,1.0000,3.8
cadex,T4_IntervalTiming,0.5652,107,0.8150,0.3585,13.9
lif,T2_PatternCompletion,0.7240,9,0.5667,0.8800,1.3
lif,T3_SequencePrediction,0.0000,9,0.0000,0.6667,3.3
lif,T4_IntervalTiming,0.4942,9,0.2150,0.5233,22.4
lsm,T2_PatternCompletion,0.1900,9,0.2000,0.7333,1.0
lsm,T3_SequencePrediction,0.0000,9,0.0000,0.6667,2.5
lsm,T4_IntervalTiming,0.5376,71,0.5650,0.4854,6.9
